{
  "version": "2021.2",
  "applications": [],
  "platforms": [
    {
      "name": "Legit_platform_project"
    }
  ],
  "systems": [
    {
      "name": "legit_application_project_system",
      "platform": "C:/Users/ryan_morrison1/workspace/Legit_platform_project/export/Legit_platform_project/Legit_platform_project.xpfm",
      "sysConfig": "Legit_platform_project",
      "buildConfig": "Debug",
      "applications": [
        {
          "name": "legit_application_project",
          "platform": "C:/Users/ryan_morrison1/workspace/Legit_platform_project/export/Legit_platform_project/Legit_platform_project.xpfm",
          "platformPath": "C:\\Users\\ryan_morrison1\\workspace\\Legit_platform_project\\export\\Legit_platform_project",
          "sysConfig": "Legit_platform_project",
          "domain": "standalone_domain",
          "system": "legit_application_project_system"
        }
      ],
      "platformPath": "C:\\Users\\ryan_morrison1\\workspace\\Legit_platform_project\\export\\Legit_platform_project"
    }
  ],
  "others": []
}